{
    "rmse": 0.762794521686023,
    "mae": 0.6188630472018415,
    "r2score": 0.10963999179642603
}